alban@gmail.com,MTIzNA==,Alban,19,15,1,34,205
pom@gmail.com,MTIzNA==,Pom,37,0,0,37,221
Jerem@gmail.com,MTIzNA==,Jerem,2,0,0,2,15
sean@gmail.com,MTIzNA==,Sean,2,0,0,2,20
jojo@gmail.com,MTIzNA==,Jojo,2,0,0,2,30
Fefe@gmail.com,MTIzNA==,Fefe,2,0,0,2,10
test@gmail.com,MTIzNA==,Testwsh,4,0,0,4,25
hey@gmail.com,MTIzNA==,hey,3,0,0,3,20
